sigungu_code,region_name,school,subway,hospital,cafe,academy,department,convenience,culture,total_score
2720000000,대구광역시 남구,41,10,263,568,687,4,152,71,1796
2717000000,대구광역시 서구,32,3,230,390,359,3,150,6,1173
2611000000,부산광역시 중구,28,8,295,702,292,7,207,67,1606
2614000000,부산광역시 서구,28,6,283,627,262,6,169,57,1438
2617000000,부산광역시 동구,20,5,149,253,130,3,110,33,703
2620000000,부산광역시 영도구,12,0,45,81,58,2,38,10,246
2623000000,부산광역시 부산진구,37,9,600,828,648,10,249,45,2426
2626000000,부산광역시 동래구,42,16,409,557,867,12,201,26,2130
2629000000,부산광역시 남구,35,6,224,362,448,8,146,60,1289
2632000000,부산광역시 북구,20,6,81,144,117,7,80,11,466
2635000000,부산광역시 해운대구,30,4,283,444,724,13,147,44,1689
2638000000,부산광역시 사하구,26,6,221,262,386,8,120,5,1034
2641000000,부산광역시 금정구,28,4,175,361,523,6,90,23,1210
2644000000,부산광역시 강서구,5,5,5,43,5,2,24,2,91
2647000000,부산광역시 연제구,34,10,313,417,429,7,168,26,1404
2650000000,부산광역시 수영구,17,4,237,582,527,8,161,50,1586
2653000000,부산광역시 사상구,20,6,128,220,130,4,119,8,635
2671000000,부산광역시 기장군,8,1,67,101,102,3,49,6,337
2711000000,대구광역시 중구,33,13,670,1145,1010,6,256,115,3248
2714000000,대구광역시 동구,24,5,196,383,420,8,161,18,1215
2723000000,대구광역시 북구,27,8,242,464,495,5,145,38,1424
2726000000,대구광역시 수성구,36,7,444,580,1586,11,166,28,2858
2729000000,대구광역시 달서구,44,5,302,417,1059,11,168,11,2017
2771000000,대구광역시 달성군,4,0,11,31,39,3,15,2,105
2811000000,인천광역시 중구,26,5,80,302,91,2,87,58,651
2814000000,인천광역시 동구,42,5,177,425,199,7,177,49,1081
2817700000,인천광역시 미추홀구,31,6,301,526,410,10,277,24,1585
2818500000,인천광역시 연수구,30,7,147,245,331,10,126,14,910
2820000000,인천광역시 남동구,27,4,216,313,360,9,133,10,1072
2823700000,인천광역시 부평구,43,9,432,625,657,8,269,11,2054
2824500000,인천광역시 계양구,42,5,281,367,383,9,188,15,1290
2826000000,인천광역시 서구,13,3,43,122,101,4,67,3,356
2871000000,인천광역시 강화군,9,0,40,68,58,1,34,7,217
2872000000,인천광역시 옹진군,3,0,1,2,0,0,1,0,7
2911000000,광주광역시 동구,32,5,290,700,467,3,158,96,1751
2914000000,광주광역시 서구,24,6,265,400,392,3,143,30,1263
2915500000,광주광역시 남구,39,0,299,425,775,4,128,36,1706
2917000000,광주광역시 북구,43,0,236,472,468,7,171,23,1420
2920000000,광주광역시 광산구,13,4,71,109,120,2,53,6,378
3011000000,대전광역시 동구,19,2,120,158,186,7,67,4,563
3014000000,대전광역시 중구,47,6,248,621,423,8,182,72,1607
3017000000,대전광역시 서구,34,5,526,686,823,16,228,42,2360
3020000000,대전광역시 유성구,29,4,188,453,294,12,170,24,1174
3023000000,대전광역시 대덕구,41,0,134,363,336,7,155,14,1050
3111000000,울산광역시 중구,29,0,129,271,327,2,97,22,877
3114000000,울산광역시 남구,25,0,365,680,665,6,233,35,2009
3117000000,울산광역시 동구,17,0,86,163,236,5,84,3,594
3120000000,울산광역시 북구,13,0,29,118,176,6,54,7,403
3171000000,울산광역시 울주군,2,0,0,7,0,0,1,1,11
3611000000,세종특별자치시,13,0,53,152,339,10,35,4,606
4113000000,경기도 성남시,21,3,223,316,372,6,112,19,1072
4111700000,경기도 수원시 영통구,36,3,410,625,797,18,255,25,2169
4111000000,경기도 수원시,37,3,491,681,838,18,302,38,2408
4111100000,경기도 수원시 장안구,28,0,201,369,480,4,175,6,1263
4111300000,경기도 수원시 권선구,19,2,83,157,217,6,101,10,595
4111500000,경기도 수원시 팔달구,38,1,279,663,504,7,243,34,1769
4113100000,경기도 성남시 수정구,42,8,460,418,477,9,249,13,1676
4113300000,경기도 성남시 중원구,31,5,350,358,375,6,191,13,1329
4113500000,경기도 성남시 분당구,36,9,419,529,1203,16,158,15,2385
4115000000,경기도 의정부시,22,9,261,432,298,6,191,17,1236
4117000000,경기도 안양시,40,3,445,643,1212,15,236,11,2605
4117100000,경기도 안양시 만안구,33,5,403,521,531,12,199,19,1723
4117300000,경기도 안양시 동안구,35,3,407,608,1178,15,246,17,2509
4119000000,경기도 부천시,50,5,484,727,1115,19,269,24,2693
4121000000,경기도 광명시,36,5,363,484,627,16,228,17,1776
4122000000,경기도 평택시,30,0,127,310,464,9,121,7,1068
4145000000,경기도 하남시,18,3,149,203,223,7,88,12,703
4125000000,경기도 동두천시,18,3,83,129,103,2,83,8,429
4127000000,경기도 안산시,28,4,274,482,558,14,175,28,1563
4127100000,경기도 안산시 상록구,22,6,216,429,495,11,198,21,1398
4127300000,경기도 안산시 단원구,21,7,313,407,455,11,164,21,1399
4128000000,경기도 고양시,11,1,64,106,123,5,53,9,372
4128100000,경기도 고양시 덕양구,22,4,179,200,506,10,91,15,1027
4128500000,경기도 고양시 일산동구,29,7,326,658,897,15,174,32,2138
4128700000,경기도 고양시 일산서구,28,5,230,370,839,16,149,30,1667
4129000000,경기도 과천시,12,3,83,151,182,4,45,27,507
4131000000,경기도 구리시,24,4,253,302,528,3,125,10,1249
4136000000,경기도 남양주시,7,1,30,45,79,1,27,4,194
4137000000,경기도 오산시,23,1,145,227,266,8,138,10,818
4139000000,경기도 시흥시,18,2,82,149,276,7,66,4,604
4141000000,경기도 군포시,34,5,247,372,508,15,167,12,1360
4143000000,경기도 의왕시,13,1,53,121,114,7,59,7,375
4146000000,경기도 용인시,8,4,44,142,193,4,55,9,459
4146100000,경기도 용인시 처인구,16,4,149,238,226,6,104,7,750
4146300000,경기도 용인시 기흥구,23,4,142,205,356,11,98,10,849
4146500000,경기도 용인시 수지구,37,5,339,421,1060,21,161,12,2056
4148000000,경기도 파주시,12,2,93,153,150,5,77,8,500
4150000000,경기도 이천시,6,1,115,153,138,6,77,13,509
4155000000,경기도 안성시,11,0,90,130,127,6,64,3,431
4157000000,경기도 김포시,26,2,157,232,553,15,99,7,1091
4159000000,경기도 화성시,11,0,54,107,105,3,49,2,331
4161000000,경기도 광주시,6,0,27,85,132,1,47,4,302
4163000000,경기도 양주시,2,1,0,21,0,1,7,0,32
4165000000,경기도 포천시,6,0,36,79,36,4,39,10,210
4167000000,경기도 여주시,7,1,66,120,101,4,64,9,372
4180000000,경기도 연천군,3,1,4,15,6,1,7,6,43
4182000000,경기도 가평군,3,1,20,52,40,3,23,5,147
4183000000,경기도 양평군,6,1,58,87,91,4,41,7,295
4311100000,충청북도 청주시 상당구,29,0,175,434,337,8,120,44,1147
4311000000,충청북도 청주시,29,0,171,425,253,5,115,47,1045
4311200000,충청북도 청주시 서원구,26,0,179,466,338,6,180,48,1243
4311300000,충청북도 청주시 흥덕구,2,0,5,23,13,2,9,2,56
4311400000,충청북도 청주시 청원구,25,0,148,400,220,4,128,44,969
4313000000,충청북도 충주시,17,0,86,175,197,5,76,10,566
4315000000,충청북도 제천시,8,0,90,107,114,4,40,7,370
4372000000,충청북도 보은군,7,0,22,41,31,1,16,5,123
4373000000,충청북도 옥천군,7,0,38,87,47,1,36,6,222
4374000000,충청북도 영동군,8,0,33,64,42,2,21,6,176
4374500000,충청북도 증평군,8,0,37,77,70,3,49,4,248
4375000000,충청북도 진천군,7,0,42,88,48,3,39,6,233
4376000000,충청북도 괴산군,4,0,14,23,20,1,20,6,88
4377000000,충청북도 음성군,7,0,20,41,23,1,20,4,116
4380000000,충청북도 단양군,4,0,10,57,21,2,14,10,118
4413000000,충청남도 천안시,23,0,186,379,871,9,151,9,1628
4413100000,충청남도 천안시 동남구,27,2,188,405,283,11,212,20,1148
4413300000,충청남도 천안시 서북구,2,1,15,26,34,3,23,1,105
4415000000,충청남도 공주시,16,0,51,120,34,2,27,24,274
4418000000,충청남도 보령시,5,0,24,73,82,3,35,4,226
4420000000,충청남도 아산시,20,1,127,198,165,6,111,10,638
4421000000,충청남도 서산시,12,0,124,204,222,9,102,8,681
4423000000,충청남도 논산시,17,0,34,130,115,4,61,10,371
4425000000,충청남도 계룡시,7,0,35,77,117,4,24,5,269
4427000000,충청남도 당진시,10,0,100,188,192,8,77,9,584
4471000000,충청남도 금산군,9,0,43,66,37,4,24,13,196
4476000000,충청남도 부여군,9,0,41,78,30,2,27,17,204
4477000000,충청남도 서천군,7,0,30,34,32,4,14,2,123
4479000000,충청남도 청양군,5,0,16,42,15,2,14,7,101
4480000000,충청남도 홍성군,9,0,68,113,95,4,49,11,349
4481000000,충청남도 예산군,8,0,49,76,63,3,34,5,238
4482500000,충청남도 태안군,6,0,37,71,45,4,32,5,200
4159500000,경기도 화성시 병점구,6,1,42,85,102,7,64,5,312
4159700000,경기도 화성시 동탄구,25,1,153,271,721,13,90,9,1283
4159300000,경기도 화성시 효행구,1,0,1,6,16,1,7,0,32
4611000000,전라남도 목포시,35,0,90,162,216,5,66,7,581
4613000000,전라남도 여수시,12,0,89,213,257,5,66,10,652
4615000000,전라남도 순천시,16,0,74,217,104,1,61,21,494
4617000000,전라남도 나주시,7,0,7,59,25,2,17,11,128
4623000000,전라남도 광양시,16,0,62,176,186,7,65,5,517
4671000000,전라남도 담양군,4,0,30,116,17,5,20,20,212
4672000000,전라남도 곡성군,4,0,8,38,17,2,8,6,83
4673000000,전라남도 구례군,6,0,17,57,25,2,11,5,123
4677000000,전라남도 고흥군,5,0,28,44,25,3,14,4,123
4678000000,전라남도 보성군,6,0,17,25,9,1,9,3,70
4679000000,전라남도 화순군,8,0,56,115,71,3,29,3,285
4680000000,전라남도 장흥군,6,0,29,46,24,2,19,8,134
4681000000,전라남도 강진군,8,0,26,50,26,2,18,7,137
4682000000,전라남도 해남군,6,0,40,65,69,4,32,7,223
4683000000,전라남도 영암군,5,0,15,17,18,3,10,10,78
4684000000,전라남도 무안군,5,0,23,39,15,3,15,4,104
4686000000,전라남도 함평군,6,0,15,33,11,4,8,11,88
4687000000,전라남도 영광군,8,0,48,53,56,2,26,6,199
4688000000,전라남도 장성군,7,0,19,42,25,3,14,3,113
4689000000,전라남도 완도군,6,0,21,51,37,2,28,3,148
4690000000,전라남도 진도군,4,0,17,46,19,1,16,10,113
4691000000,전라남도 신안군,1,0,0,2,0,1,0,1,5
4711000000,경상북도 포항시,24,0,149,310,360,6,103,12,964
4711100000,경상북도 포항시 남구,16,0,118,240,156,4,92,11,637
4711300000,경상북도 포항시 북구,21,0,133,287,232,5,86,18,782
4713000000,경상북도 경주시,18,0,113,275,279,5,88,14,792
4715000000,경상북도 김천시,11,0,50,97,65,4,46,4,277
4717000000,경상북도 안동시,18,0,79,177,123,1,44,17,459
4719000000,경상북도 구미시,18,1,140,222,288,4,94,11,778
4721000000,경상북도 영주시,8,0,39,78,150,5,42,3,325
4723000000,경상북도 영천시,10,0,73,117,123,5,41,7,376
4725000000,경상북도 상주시,11,0,68,131,168,3,43,10,434
4728000000,경상북도 문경시,11,0,45,93,74,4,31,11,269
4729000000,경상북도 경산시,18,4,166,316,380,5,118,18,1025
4773000000,경상북도 의성군,8,0,19,46,24,1,11,4,113
4775000000,경상북도 청송군,5,0,3,25,7,1,4,2,47
4776000000,경상북도 영양군,6,0,2,22,8,1,6,2,47
4777000000,경상북도 영덕군,5,0,16,39,18,3,9,1,91
4782000000,경상북도 청도군,6,0,25,47,33,3,12,2,128
4783000000,경상북도 고령군,3,0,19,41,22,0,9,11,105
4784000000,경상북도 성주군,5,0,30,43,25,3,19,8,133
4785000000,경상북도 칠곡군,9,1,42,81,66,4,30,6,239
4790000000,경상북도 예천군,9,0,22,36,33,4,14,3,121
4792000000,경상북도 봉화군,6,0,10,21,14,1,5,5,62
4793000000,경상북도 울진군,4,0,14,39,50,3,14,4,128
4794000000,경상북도 울릉군,4,0,1,21,2,2,7,6,43
4812000000,경상남도 창원시,33,0,226,473,514,13,146,32,1437
4812100000,경상남도 창원시 의창구,20,0,97,219,307,4,95,9,751
4812300000,경상남도 창원시 성산구,16,0,69,123,292,9,66,0,575
4812500000,경상남도 창원시 마산합포구,19,0,109,239,201,5,88,25,686
4812700000,경상남도 창원시 마산회원구,26,0,157,330,384,11,123,22,1053
4812900000,경상남도 창원시 진해구,6,0,26,70,123,3,26,1,255
1171000000,서울특별시 송파구,36,13,594,797,1127,23,219,54,2863
1174000000,서울특별시 강동구,34,11,554,600,582,20,229,33,2063
1162000000,서울특별시 관악구,39,7,395,593,632,12,269,25,1972
1165000000,서울특별시 서초구,28,10,944,1078,1102,19,315,112,3608
1159000000,서울특별시 동작구,39,16,383,588,948,20,261,22,2277
1154500000,서울특별시 금천구,34,2,334,431,576,13,205,18,1613
1156000000,서울특별시 영등포구,28,14,475,869,969,21,286,54,2716
1150000000,서울특별시 강서구,55,6,524,744,983,23,294,25,2654
1153000000,서울특별시 구로구,34,10,503,723,604,17,336,33,2260
1144000000,서울특별시 마포구,24,8,291,958,586,10,242,75,2194
1147000000,서울특별시 양천구,42,6,454,547,1443,17,201,21,2731
1141000000,서울특별시 서대문구,29,3,219,479,485,8,180,53,1456
1135000000,서울특별시 노원구,62,9,575,536,1480,23,222,24,2931
1138000000,서울특별시 은평구,30,11,494,518,809,14,226,12,2114
1130500000,서울특별시 강북구,38,7,364,544,442,9,262,31,1697
1132000000,서울특별시 도봉구,43,8,376,414,747,16,197,18,1819
1126000000,서울특별시 중랑구,40,15,339,440,577,16,223,7,1657
1129000000,서울특별시 성북구,61,16,422,1026,762,15,273,303,2878
1123000000,서울특별시 동대문구,45,20,508,812,634,12,312,39,2382
1121500000,서울특별시 광진구,32,8,352,623,633,14,216,40,1918
1120000000,서울특별시 성동구,49,21,468,783,661,12,278,39,2311
1117000000,서울특별시 용산구,17,10,119,548,141,4,115,124,1078
1114000000,서울특별시 중구,34,32,602,1848,426,4,413,394,3753
1168000000,서울특별시 강남구,20,14,1407,1318,1303,9,378,216,4665
1111000000,서울특별시 종로구,41,20,533,2039,457,4,373,471,3938
4824000000,경상남도 사천시,1,0,0,9,4,1,5,2,22
4817000000,경상남도 진주시,16,0,118,233,224,6,100,14,711
4822000000,경상남도 통영시,8,0,77,170,116,3,55,13,442
4874000000,경상남도 창녕군,8,0,25,51,45,2,15,9,155
4825000000,경상남도 김해시,21,5,84,266,113,7,93,14,603
4827000000,경상남도 밀양시,9,0,38,105,63,7,38,11,271
4831000000,경상남도 거제시,12,0,107,192,204,8,89,4,616
4833000000,경상남도 양산시,20,2,88,153,212,7,67,11,560
4872000000,경상남도 의령군,7,0,15,35,22,3,13,5,100
4873000000,경상남도 함안군,6,0,24,52,43,3,14,9,151
4882000000,경상남도 고성군,8,0,28,71,61,3,25,5,201
4884000000,경상남도 남해군,5,0,24,51,38,3,21,4,146
4885000000,경상남도 하동군,5,0,17,45,21,3,11,3,105
4886000000,경상남도 산청군,3,0,9,25,12,2,8,5,64
4887000000,경상남도 함양군,7,0,23,44,56,3,20,13,166
4888000000,경상남도 거창군,16,0,51,103,165,3,48,12,398
4889000000,경상남도 합천군,6,0,24,36,29,3,18,6,122
5011000000,제주특별자치도 제주시,25,0,229,561,584,2,206,41,1648
5013000000,제주특별자치도 서귀포시,9,0,94,217,168,4,100,20,612
4159100000,경기도 화성시 만세구,1,0,1,14,1,0,13,0,30
5280000000,전북특별자치도 부안군,10,0,42,60,57,1,27,11,208
5279000000,전북특별자치도 고창군,7,0,39,48,74,2,25,11,206
5277000000,전북특별자치도 순창군,8,0,25,37,19,2,11,2,104
5275000000,전북특별자치도 임실군,4,0,11,27,10,3,7,2,64
5274000000,전북특별자치도 장수군,3,0,6,22,13,2,6,6,58
5273000000,전북특별자치도 무주군,4,0,14,28,20,2,9,6,83
5272000000,전북특별자치도 진안군,6,0,16,26,13,2,11,4,78
5271000000,전북특별자치도 완주군,1,0,0,6,0,1,3,3,14
5221000000,전북특별자치도 김제시,13,0,67,87,81,3,40,6,297
5219000000,전북특별자치도 남원시,15,0,80,172,115,7,44,19,452
5218000000,전북특별자치도 정읍시,17,0,103,177,158,8,66,11,540
5214000000,전북특별자치도 익산시,32,0,182,342,378,7,103,22,1066
5213000000,전북특별자치도 군산시,15,0,106,223,284,4,73,4,709
5211300000,전북특별자치도 전주시 덕진구,36,0,282,639,561,6,161,58,1743
4119600000,경기도 부천시 오정구,22,1,132,161,186,4,117,11,634
5211000000,전북특별자치도 전주시,36,0,191,560,363,3,117,81,1351
5211100000,전북특별자치도 전주시 완산구,32,0,288,462,739,8,145,15,1689
4119400000,경기도 부천시 소사구,34,5,301,424,467,9,197,9,1446
4119200000,경기도 부천시 원미구,30,7,369,581,548,12,244,18,1809
5183000000,강원특별자치도 양양군,4,0,14,36,23,3,20,3,103
2772000000,대구광역시 군위군,3,0,12,23,11,1,6,2,58
5182000000,강원특별자치도 고성군,3,0,9,13,8,2,7,2,44
5181000000,강원특별자치도 인제군,4,0,8,18,16,1,16,8,71
5179000000,강원특별자치도 화천군,4,0,10,32,18,1,12,6,83
5180000000,강원특별자치도 양구군,7,0,9,35,23,1,17,15,107
5178000000,강원특별자치도 철원군,3,0,7,26,18,2,9,5,70
5177000000,강원특별자치도 정선군,5,0,11,33,11,3,14,5,82
5176000000,강원특별자치도 평창군,3,0,7,24,12,2,8,2,58
5175000000,강원특별자치도 영월군,9,0,16,69,36,3,32,6,171
5173000000,강원특별자치도 횡성군,6,0,25,72,37,3,21,4,168
5172000000,강원특별자치도 홍천군,7,0,43,106,55,5,37,4,257
5121000000,강원특별자치도 속초시,8,0,88,211,67,5,95,11,485
5123000000,강원특별자치도 삼척시,11,0,32,112,54,9,53,12,283
5119000000,강원특별자치도 태백시,10,0,33,59,48,4,33,4,191
5117000000,강원특별자치도 동해시,8,0,52,111,96,5,51,6,329
5115000000,강원특별자치도 강릉시,12,0,134,345,310,3,106,21,931
5113000000,강원특별자치도 원주시,16,0,115,232,292,6,85,3,749
5111000000,강원특별자치도 춘천시,25,2,150,378,231,4,153,22,965
