sigungu_code,region_name,school,subway,hospital,cafe,academy,department,convenience,culture,total_score,전세_평균보증금,전세_평균면적,전세_거래건수,월세_평균보증금,월세_평균월세,월세_평균면적,월세_거래건수,전체_거래건수
2720000000,대구광역시 남구,41,10,263,568,687,4,152,71,1796,13650.0,56.13,2.0,662.5,48.0,34.24875,8.0,10.0
2717000000,대구광역시 서구,32,3,230,390,359,3,150,6,1173,0.0,0.0,0.0,0.0,0.0,0.0,0.0,0.0
2611000000,부산광역시 중구,28,8,295,702,292,7,207,67,1606,6000.0,21.14,1.0,4277.777777777777,30.0,25.474444444444444,9.0,10.0
2614000000,부산광역시 서구,28,6,283,627,262,6,169,57,1438,0.0,0.0,0.0,3334.0,31.4,24.8,10.0,10.0
2617000000,부산광역시 동구,20,5,149,253,130,3,110,33,703,13295.0,36.9425,4.0,2865.1666666666665,44.16666666666666,34.45666666666667,6.0,10.0
2620000000,부산광역시 영도구,12,0,45,81,58,2,38,10,246,20000.0,58.44,1.0,777.7777777777778,42.22222222222222,25.757777777777772,9.0,10.0
2623000000,부산광역시 부산진구,37,9,600,828,648,10,249,45,2426,8000.0,21.12,1.0,2222.222222222222,41.11111111111112,27.39444444444445,9.0,10.0
2626000000,부산광역시 동래구,42,16,409,557,867,12,201,26,2130,19250.0,52.8925,4.0,1633.3333333333333,46.66666666666666,28.426666666666662,6.0,10.0
2629000000,부산광역시 남구,35,6,224,362,448,8,146,60,1289,12000.0,29.98,1.0,844.4444444444445,44.22222222222222,26.155555555555555,9.0,10.0
2632000000,부산광역시 북구,20,6,81,144,117,7,80,11,466,6100.0,31.126666666666665,3.0,1285.7142857142858,44.42857142857143,32.49142857142857,7.0,10.0
2635000000,부산광역시 해운대구,30,4,283,444,724,13,147,44,1689,29150.0,88.62333333333333,3.0,785.7142857142857,54.85714285714285,33.87428571428571,7.0,10.0
2638000000,부산광역시 사하구,26,6,221,262,386,8,120,5,1034,18666.666666666668,75.13,3.0,2257.1428571428573,25.714285714285715,23.72142857142857,7.0,10.0
2641000000,부산광역시 금정구,28,4,175,361,523,6,90,23,1210,16000.0,69.15,1.0,2111.1111111111118,39.11111111111112,31.182222222222222,9.0,10.0
2644000000,부산광역시 강서구,5,5,5,43,5,2,24,2,91,16850.0,51.1575,4.0,916.6666666666666,42.5,29.706666666666667,6.0,10.0
2647000000,부산광역시 연제구,34,10,313,417,429,7,168,26,1404,0.0,0.0,0.0,1360.0,36.4,23.562,10.0,10.0
2650000000,부산광역시 수영구,17,4,237,582,527,8,161,50,1586,10000.0,23.32,1.0,3500.0,43.11111111111112,28.989999999999995,9.0,10.0
2653000000,부산광역시 사상구,20,6,128,220,130,4,119,8,635,7300.0,24.22,2.0,1425.0,39.625,21.91375,8.0,10.0
2671000000,부산광역시 기장군,8,1,67,101,102,3,49,6,337,8500.0,43.885,2.0,587.5,40.875,26.28625,8.0,10.0
2711000000,대구광역시 중구,33,13,670,1145,1010,6,256,115,3248,11580.0,41.622,5.0,1900.0,69.0,44.258,5.0,10.0
2714000000,대구광역시 동구,24,5,196,383,420,8,161,18,1215,19000.0,49.96,1.0,1638.888888888889,46.44444444444444,31.36333333333333,9.0,10.0
2723000000,대구광역시 북구,27,8,242,464,495,5,145,38,1424,7700.0,29.91,2.0,2400.0,42.0,38.5425,8.0,10.0
2726000000,대구광역시 수성구,36,7,444,580,1586,11,166,28,2858,12950.0,51.595,2.0,3162.5,59.0,55.19875,8.0,10.0
2729000000,대구광역시 달서구,44,5,302,417,1059,11,168,11,2017,12500.0,65.64500000000001,2.0,3350.0,59.125,55.2175,8.0,10.0
2771000000,대구광역시 달성군,4,0,11,31,39,3,15,2,105,18000.0,84.81,1.0,2455.555555555556,44.22222222222222,35.61,9.0,10.0
2811000000,인천광역시 중구,26,5,80,302,91,2,87,58,651,10830.0,23.336666666666662,3.0,764.2857142857143,57.57142857142857,27.678571428571427,7.0,10.0
2814000000,인천광역시 동구,42,5,177,425,199,7,177,49,1081,13066.666666666666,64.11333333333333,3.0,2714.285714285714,50.142857142857146,23.487142857142857,7.0,10.0
2817700000,인천광역시 미추홀구,31,6,301,526,410,10,277,24,1585,8000.0,20.74,1.0,866.6666666666666,58.0,38.70444444444445,9.0,10.0
2818500000,인천광역시 연수구,30,7,147,245,331,10,126,14,910,17800.0,52.4125,8.0,1600.0,92.5,57.415,2.0,10.0
2820000000,인천광역시 남동구,27,4,216,313,360,9,133,10,1072,13275.0,50.4375,4.0,1133.3333333333333,56.833333333333336,28.33833333333333,6.0,10.0
2823700000,인천광역시 부평구,43,9,432,625,657,8,269,11,2054,15750.0,78.93,1.0,1332.5555555555557,61.55555555555556,47.99888888888889,9.0,10.0
2824500000,인천광역시 계양구,42,5,281,367,383,9,188,15,1290,0.0,0.0,0.0,490.0,40.4,31.124,10.0,10.0
2826000000,인천광역시 서구,13,3,43,122,101,4,67,3,356,20750.0,56.4275,4.0,1666.6666666666667,70.83333333333333,53.305,6.0,10.0
2871000000,인천광역시 강화군,9,0,40,68,58,1,34,7,217,0.0,0.0,0.0,1000.0,40.0,28.13,2.0,2.0
2872000000,인천광역시 옹진군,3,0,1,2,0,0,1,0,7,0.0,0.0,0.0,0.0,0.0,0.0,0.0,0.0
2911000000,광주광역시 동구,32,5,290,700,467,3,158,96,1751,11400.0,32.658,5.0,440.0,43.0,29.224,5.0,10.0
2914000000,광주광역시 서구,24,6,265,400,392,3,143,30,1263,13166.666666666666,37.083333333333336,3.0,757.1428571428571,59.285714285714285,36.81142857142857,7.0,10.0
2915500000,광주광역시 남구,39,0,299,425,775,4,128,36,1706,17250.0,66.475,2.0,437.5,31.75,25.645,8.0,10.0
2917000000,광주광역시 북구,43,0,236,472,468,7,171,23,1420,15566.666666666666,65.40666666666667,3.0,2742.8571428571427,48.0,60.60857142857143,7.0,10.0
2920000000,광주광역시 광산구,13,4,71,109,120,2,53,6,378,19300.0,41.03333333333333,3.0,828.5714285714286,58.71428571428572,50.01857142857143,7.0,10.0
3011000000,대전광역시 동구,19,2,120,158,186,7,67,4,563,0.0,0.0,0.0,0.0,0.0,0.0,0.0,0.0
3014000000,대전광역시 중구,47,6,248,621,423,8,182,72,1607,0.0,0.0,0.0,2500.0,50.0,62.21,1.0,1.0
3017000000,대전광역시 서구,34,5,526,686,823,16,228,42,2360,0.0,0.0,0.0,1400.0,43.5,36.106,10.0,10.0
3020000000,대전광역시 유성구,29,4,188,453,294,12,170,24,1174,0.0,0.0,0.0,1810.0,44.2,33.796,10.0,10.0
3023000000,대전광역시 대덕구,41,0,134,363,336,7,155,14,1050,0.0,0.0,0.0,600.0,42.0,35.223333333333336,3.0,3.0
3111000000,울산광역시 중구,29,0,129,271,327,2,97,22,877,10600.0,31.75,2.0,675.0,48.375,26.75625,8.0,10.0
3114000000,울산광역시 남구,25,0,365,680,665,6,233,35,2009,16325.0,55.63,4.0,716.6666666666666,53.833333333333336,33.49,6.0,10.0
3117000000,울산광역시 동구,17,0,86,163,236,5,84,3,594,16500.0,55.76,2.0,3562.5,55.0,63.7275,8.0,10.0
3120000000,울산광역시 북구,13,0,29,118,176,6,54,7,403,8500.0,158.0,1.0,350.0,52.5,87.22,2.0,3.0
3171000000,울산광역시 울주군,2,0,0,7,0,0,1,1,11,7750.0,22.91,2.0,550.0,42.875,34.645,8.0,10.0
3611000000,세종특별자치시,13,0,53,152,339,10,35,4,606,0.0,0.0,0.0,0.0,0.0,0.0,0.0,0.0
4113000000,경기도 성남시,21,3,223,316,372,6,112,19,1072,0.0,0.0,0.0,0.0,0.0,0.0,0.0,0.0
4111700000,경기도 수원시 영통구,36,3,410,625,797,18,255,25,2169,35904.28571428572,61.22857142857144,7.0,1000.0,95.0,32.06666666666667,3.0,10.0
4111000000,경기도 수원시,37,3,491,681,838,18,302,38,2408,0.0,0.0,0.0,0.0,0.0,0.0,0.0,0.0
4111100000,경기도 수원시 장안구,28,0,201,369,480,4,175,6,1263,31333.33333333333,84.65,6.0,9500.0,76.25,70.7775,4.0,10.0
4111300000,경기도 수원시 권선구,19,2,83,157,217,6,101,10,595,22000.0,71.27,1.0,1222.2222222222222,60.22222222222222,38.71222222222222,9.0,10.0
4111500000,경기도 수원시 팔달구,38,1,279,663,504,7,243,34,1769,15250.0,52.725,2.0,1375.0,51.5,29.80875,8.0,10.0
4113100000,경기도 성남시 수정구,42,8,460,418,477,9,249,13,1676,31185.0,47.2775,4.0,1666.6666666666667,93.83333333333331,29.01,6.0,10.0
4113300000,경기도 성남시 중원구,31,5,350,358,375,6,191,13,1329,15616.666666666666,27.83333333333333,3.0,1618.571428571429,58.142857142857146,23.18142857142857,7.0,10.0
4113500000,경기도 성남시 분당구,36,9,419,529,1203,16,158,15,2385,22740.0,25.714,5.0,3600.0,90.8,40.17,5.0,10.0
4115000000,경기도 의정부시,22,9,261,432,298,6,191,17,1236,21900.0,71.83,1.0,991.1111111111112,57.66666666666666,40.34777777777778,9.0,10.0
4117000000,경기도 안양시,40,3,445,643,1212,15,236,11,2605,0.0,0.0,0.0,0.0,0.0,0.0,0.0,0.0
4117100000,경기도 안양시 만안구,33,5,403,521,531,12,199,19,1723,16750.0,32.52,4.0,3250.0,54.5,26.85333333333333,6.0,10.0
4117300000,경기도 안양시 동안구,35,3,407,608,1178,15,246,17,2509,30040.4,58.848,5.0,3600.0,77.8,46.704,5.0,10.0
4119000000,경기도 부천시,50,5,484,727,1115,19,269,24,2693,0.0,0.0,0.0,0.0,0.0,0.0,0.0,0.0
4121000000,경기도 광명시,36,5,363,484,627,16,228,17,1776,16821.428571428572,33.39857142857143,7.0,833.3333333333334,63.66666666666666,24.593333333333334,3.0,10.0
4122000000,경기도 평택시,30,0,127,310,464,9,121,7,1068,15500.0,36.6175,4.0,333.3333333333333,59.833333333333336,33.37,6.0,10.0
4145000000,경기도 하남시,18,3,149,203,223,7,88,12,703,22450.0,43.3325,4.0,1750.0,88.16666666666667,30.951666666666668,6.0,10.0
4125000000,경기도 동두천시,18,3,83,129,103,2,83,8,429,9333.333333333334,67.29333333333334,3.0,928.5714285714286,46.71428571428572,44.63428571428572,7.0,10.0
4127000000,경기도 안산시,28,4,274,482,558,14,175,28,1563,0.0,0.0,0.0,0.0,0.0,0.0,0.0,0.0
4127100000,경기도 안산시 상록구,22,6,216,429,495,11,198,21,1398,18300.0,53.574,5.0,1200.0,54.0,35.774,5.0,10.0
4127300000,경기도 안산시 단원구,21,7,313,407,455,11,164,21,1399,0.0,0.0,0.0,450.0,44.1,23.065,10.0,10.0
4128000000,경기도 고양시,11,1,64,106,123,5,53,9,372,0.0,0.0,0.0,0.0,0.0,0.0,0.0,0.0
4128100000,경기도 고양시 덕양구,22,4,179,200,506,10,91,15,1027,31000.0,59.1525,4.0,3166.6666666666665,80.16666666666667,35.76166666666666,6.0,10.0
4128500000,경기도 고양시 일산동구,29,7,326,658,897,15,174,32,2138,26066.6,56.662,5.0,1500.0,91.8,46.958,5.0,10.0
4128700000,경기도 고양시 일산서구,28,5,230,370,839,16,149,30,1667,29316.666666666668,64.515,6.0,7750.0,51.25,47.400000000000006,4.0,10.0
4129000000,경기도 과천시,12,3,83,151,182,4,45,27,507,55166.66666666666,79.01333333333334,3.0,7857.142857142857,106.0,34.401428571428575,7.0,10.0
4131000000,경기도 구리시,24,4,253,302,528,3,125,10,1249,15125.0,32.2175,4.0,757.6666666666666,49.16666666666666,24.92,6.0,10.0
4136000000,경기도 남양주시,7,1,30,45,79,1,27,4,194,28700.0,53.04,5.0,1700.0,65.2,29.188,5.0,10.0
4137000000,경기도 오산시,23,1,145,227,266,8,138,10,818,15125.0,40.075,4.0,916.6666666666666,49.0,21.25,6.0,10.0
4139000000,경기도 시흥시,18,2,82,149,276,7,66,4,604,13766.666666666666,28.72,3.0,842.8571428571429,45.85714285714285,25.865714285714287,7.0,10.0
4141000000,경기도 군포시,34,5,247,372,508,15,167,12,1360,19794.0,34.684000000000005,5.0,2300.0,54.6,32.67,5.0,10.0
4143000000,경기도 의왕시,13,1,53,121,114,7,59,7,375,7200.0,22.855,2.0,1987.5,42.0,25.1225,8.0,10.0
4146000000,경기도 용인시,8,4,44,142,193,4,55,9,459,0.0,0.0,0.0,0.0,0.0,0.0,0.0,0.0
4146100000,경기도 용인시 처인구,16,4,149,238,226,6,104,7,750,15700.0,33.82,1.0,1388.888888888889,51.44444444444444,22.112222222222226,9.0,10.0
4146300000,경기도 용인시 기흥구,23,4,142,205,356,11,98,10,849,28333.33333333333,76.10333333333334,3.0,2542.8571428571427,68.85714285714286,34.568571428571424,7.0,10.0
4146500000,경기도 용인시 수지구,37,5,339,421,1060,21,161,12,2056,25000.0,51.23,1.0,1273.7777777777778,61.333333333333336,22.19666666666667,9.0,10.0
4148000000,경기도 파주시,12,2,93,153,150,5,77,8,500,0.0,0.0,0.0,950.0,55.9,25.189,10.0,10.0
4150000000,경기도 이천시,6,1,115,153,138,6,77,13,509,11900.0,30.205,2.0,537.5,54.5,28.04125,8.0,10.0
4155000000,경기도 안성시,11,0,90,130,127,6,64,3,431,2500.0,15.0,1.0,305.55555555555554,34.666666666666664,18.725555555555555,9.0,10.0
4157000000,경기도 김포시,26,2,157,232,553,15,99,7,1091,15400.0,32.504999999999995,2.0,512.5,47.875,25.79375,8.0,10.0
4159000000,경기도 화성시,11,0,54,107,105,3,49,2,331,0.0,0.0,0.0,0.0,0.0,0.0,0.0,0.0
4161000000,경기도 광주시,6,0,27,85,132,1,47,4,302,0.0,0.0,0.0,1500.0,76.0,46.688,5.0,5.0
4163000000,경기도 양주시,2,1,0,21,0,1,7,0,32,11833.333333333334,28.51,3.0,100.0,66.0,18.61,1.0,4.0
4165000000,경기도 포천시,6,0,36,79,36,4,39,10,210,0.0,0.0,0.0,0.0,0.0,0.0,0.0,0.0
4167000000,경기도 여주시,7,1,66,120,101,4,64,9,372,0.0,0.0,0.0,750.0,75.0,66.815,2.0,2.0
4180000000,경기도 연천군,3,1,4,15,6,1,7,6,43,0.0,0.0,0.0,0.0,0.0,0.0,0.0,0.0
4182000000,경기도 가평군,3,1,20,52,40,3,23,5,147,0.0,0.0,0.0,1000.0,40.0,42.31,1.0,1.0
4183000000,경기도 양평군,6,1,58,87,91,4,41,7,295,13000.0,76.59,1.0,753.3333333333334,58.44444444444444,54.47222222222222,9.0,10.0
4311100000,충청북도 청주시 상당구,29,0,175,434,337,8,120,44,1147,9000.0,23.67,2.0,500.0,57.5,36.7525,4.0,6.0
4311000000,충청북도 청주시,29,0,171,425,253,5,115,47,1045,0.0,0.0,0.0,0.0,0.0,0.0,0.0,0.0
4311200000,충청북도 청주시 서원구,26,0,179,466,338,6,180,48,1243,12000.0,54.70333333333334,3.0,1057.142857142857,33.57142857142857,39.99857142857143,7.0,10.0
4311300000,충청북도 청주시 흥덕구,2,0,5,23,13,2,9,2,56,12450.0,41.8375,4.0,2750.0,42.16666666666666,33.59166666666667,6.0,10.0
4311400000,충청북도 청주시 청원구,25,0,148,400,220,4,128,44,969,14500.0,47.07,1.0,888.8888888888889,55.0,41.05222222222222,9.0,10.0
4313000000,충청북도 충주시,17,0,86,175,197,5,76,10,566,14500.0,60.30500000000001,2.0,1000.0,80.0,47.88,1.0,3.0
4315000000,충청북도 제천시,8,0,90,107,114,4,40,7,370,0.0,0.0,0.0,0.0,0.0,0.0,0.0,0.0
4372000000,충청북도 보은군,7,0,22,41,31,1,16,5,123,0.0,0.0,0.0,0.0,0.0,0.0,0.0,0.0
4373000000,충청북도 옥천군,7,0,38,87,47,1,36,6,222,0.0,0.0,0.0,0.0,0.0,0.0,0.0,0.0
4374000000,충청북도 영동군,8,0,33,64,42,2,21,6,176,0.0,0.0,0.0,0.0,0.0,0.0,0.0,0.0
4374500000,충청북도 증평군,8,0,37,77,70,3,49,4,248,0.0,0.0,0.0,0.0,0.0,0.0,0.0,0.0
4375000000,충청북도 진천군,7,0,42,88,48,3,39,6,233,0.0,0.0,0.0,0.0,0.0,0.0,0.0,0.0
4376000000,충청북도 괴산군,4,0,14,23,20,1,20,6,88,0.0,0.0,0.0,0.0,0.0,0.0,0.0,0.0
4377000000,충청북도 음성군,7,0,20,41,23,1,20,4,116,8500.0,27.92,1.0,1328.571428571429,45.57142857142857,24.33142857142857,7.0,8.0
4380000000,충청북도 단양군,4,0,10,57,21,2,14,10,118,0.0,0.0,0.0,0.0,0.0,0.0,0.0,0.0
4413000000,충청남도 천안시,23,0,186,379,871,9,151,9,1628,0.0,0.0,0.0,0.0,0.0,0.0,0.0,0.0
4413100000,충청남도 천안시 동남구,27,2,188,405,283,11,212,20,1148,5750.0,27.77,2.0,500.0,47.375,31.185,8.0,10.0
4413300000,충청남도 천안시 서북구,2,1,15,26,34,3,23,1,105,19166.666666666668,67.19555555555556,9.0,2000.0,100.0,84.95,1.0,10.0
4415000000,충청남도 공주시,16,0,51,120,34,2,27,24,274,0.0,0.0,0.0,0.0,0.0,0.0,0.0,0.0
4418000000,충청남도 보령시,5,0,24,73,82,3,35,4,226,0.0,0.0,0.0,500.0,53.333333333333336,43.14666666666667,3.0,3.0
4420000000,충청남도 아산시,20,1,127,198,165,6,111,10,638,15533.333333333334,47.70333333333334,3.0,814.2857142857143,49.57142857142857,29.51142857142857,7.0,10.0
4421000000,충청남도 서산시,12,0,124,204,222,9,102,8,681,4500.0,18.03,1.0,700.0,52.888888888888886,28.808888888888887,9.0,10.0
4423000000,충청남도 논산시,17,0,34,130,115,4,61,10,371,7000.0,26.12,1.0,1111.111111111111,46.11111111111112,28.116666666666667,9.0,10.0
4425000000,충청남도 계룡시,7,0,35,77,117,4,24,5,269,0.0,0.0,0.0,500.0,44.8,38.994,5.0,5.0
4427000000,충청남도 당진시,10,0,100,188,192,8,77,9,584,9000.0,62.790000000000006,2.0,937.5,56.375,44.3875,8.0,10.0
4471000000,충청남도 금산군,9,0,43,66,37,4,24,13,196,0.0,0.0,0.0,0.0,0.0,0.0,0.0,0.0
4476000000,충청남도 부여군,9,0,41,78,30,2,27,17,204,0.0,0.0,0.0,0.0,0.0,0.0,0.0,0.0
4477000000,충청남도 서천군,7,0,30,34,32,4,14,2,123,0.0,0.0,0.0,500.0,40.0,22.5,1.0,1.0
4479000000,충청남도 청양군,5,0,16,42,15,2,14,7,101,0.0,0.0,0.0,0.0,0.0,0.0,0.0,0.0
4480000000,충청남도 홍성군,9,0,68,113,95,4,49,11,349,6000.0,23.22,1.0,400.0,42.5,23.05333333333333,6.0,7.0
4481000000,충청남도 예산군,8,0,49,76,63,3,34,5,238,0.0,0.0,0.0,380.0,43.8,27.444,5.0,5.0
4482500000,충청남도 태안군,6,0,37,71,45,4,32,5,200,0.0,0.0,0.0,0.0,0.0,0.0,0.0,0.0
4159500000,경기도 화성시 병점구,6,1,42,85,102,7,64,5,312,0.0,0.0,0.0,0.0,0.0,0.0,0.0,0.0
4159700000,경기도 화성시 동탄구,25,1,153,271,721,13,90,9,1283,0.0,0.0,0.0,0.0,0.0,0.0,0.0,0.0
4159300000,경기도 화성시 효행구,1,0,1,6,16,1,7,0,32,0.0,0.0,0.0,0.0,0.0,0.0,0.0,0.0
4611000000,전라남도 목포시,35,0,90,162,216,5,66,7,581,4000.0,41.43,1.0,268.8888888888889,30.77777777777778,29.75,9.0,10.0
4613000000,전라남도 여수시,12,0,89,213,257,5,66,10,652,0.0,0.0,0.0,520.0,52.9,35.705,10.0,10.0
4615000000,전라남도 순천시,16,0,74,217,104,1,61,21,494,0.0,0.0,0.0,883.3333333333334,29.5,35.32666666666667,6.0,6.0
4617000000,전라남도 나주시,7,0,7,59,25,2,17,11,128,7000.0,28.42,1.0,622.2222222222222,39.11111111111112,28.511111111111116,9.0,10.0
4623000000,전라남도 광양시,16,0,62,176,186,7,65,5,517,0.0,0.0,0.0,0.0,0.0,0.0,0.0,0.0
4671000000,전라남도 담양군,4,0,30,116,17,5,20,20,212,0.0,0.0,0.0,0.0,0.0,0.0,0.0,0.0
4672000000,전라남도 곡성군,4,0,8,38,17,2,8,6,83,0.0,0.0,0.0,0.0,0.0,0.0,0.0,0.0
4673000000,전라남도 구례군,6,0,17,57,25,2,11,5,123,0.0,0.0,0.0,0.0,0.0,0.0,0.0,0.0
4677000000,전라남도 고흥군,5,0,28,44,25,3,14,4,123,10000.0,177.51,1.0,950.0,40.0,25.285,2.0,3.0
4678000000,전라남도 보성군,6,0,17,25,9,1,9,3,70,0.0,0.0,0.0,0.0,0.0,0.0,0.0,0.0
4679000000,전라남도 화순군,8,0,56,115,71,3,29,3,285,0.0,0.0,0.0,0.0,0.0,0.0,0.0,0.0
4680000000,전라남도 장흥군,6,0,29,46,24,2,19,8,134,0.0,0.0,0.0,0.0,0.0,0.0,0.0,0.0
4681000000,전라남도 강진군,8,0,26,50,26,2,18,7,137,0.0,0.0,0.0,0.0,0.0,0.0,0.0,0.0
4682000000,전라남도 해남군,6,0,40,65,69,4,32,7,223,0.0,0.0,0.0,100.0,35.0,37.1,1.0,1.0
4683000000,전라남도 영암군,5,0,15,17,18,3,10,10,78,0.0,0.0,0.0,0.0,0.0,0.0,0.0,0.0
4684000000,전라남도 무안군,5,0,23,39,15,3,15,4,104,11431.25,59.1875,8.0,400.0,37.5,32.255,2.0,10.0
4686000000,전라남도 함평군,6,0,15,33,11,4,8,11,88,0.0,0.0,0.0,0.0,0.0,0.0,0.0,0.0
4687000000,전라남도 영광군,8,0,48,53,56,2,26,6,199,0.0,0.0,0.0,500.0,46.0,28.02,1.0,1.0
4688000000,전라남도 장성군,7,0,19,42,25,3,14,3,113,0.0,0.0,0.0,1000.0,30.0,62.41,1.0,1.0
4689000000,전라남도 완도군,6,0,21,51,37,2,28,3,148,0.0,0.0,0.0,300.0,40.0,29.25,1.0,1.0
4690000000,전라남도 진도군,4,0,17,46,19,1,16,10,113,0.0,0.0,0.0,0.0,0.0,0.0,0.0,0.0
4691000000,전라남도 신안군,1,0,0,2,0,1,0,1,5,0.0,0.0,0.0,0.0,0.0,0.0,0.0,0.0
4711000000,경상북도 포항시,24,0,149,310,360,6,103,12,964,0.0,0.0,0.0,0.0,0.0,0.0,0.0,0.0
4711100000,경상북도 포항시 남구,16,0,118,240,156,4,92,11,637,10700.0,29.383333333333336,3.0,1785.7142857142858,51.42857142857143,32.79571428571428,7.0,10.0
4711300000,경상북도 포항시 북구,21,0,133,287,232,5,86,18,782,10000.0,81.36,1.0,1425.0,45.75,47.6125,4.0,5.0
4713000000,경상북도 경주시,18,0,113,275,279,5,88,14,792,12483.333333333334,74.93,6.0,825.0,66.25,67.9725,4.0,10.0
4715000000,경상북도 김천시,11,0,50,97,65,4,46,4,277,9766.666666666666,32.49666666666666,3.0,971.4285714285714,37.285714285714285,28.11428571428572,7.0,10.0
4717000000,경상북도 안동시,18,0,79,177,123,1,44,17,459,0.0,0.0,0.0,350.0,39.2,26.871,10.0,10.0
4719000000,경상북도 구미시,18,1,140,222,288,4,94,11,778,8100.0,31.406666666666663,3.0,385.7142857142857,35.714285714285715,30.78,7.0,10.0
4721000000,경상북도 영주시,8,0,39,78,150,5,42,3,325,20000.0,71.96,1.0,0.0,0.0,0.0,0.0,1.0
4723000000,경상북도 영천시,10,0,73,117,123,5,41,7,376,0.0,0.0,0.0,0.0,0.0,0.0,0.0,0.0
4725000000,경상북도 상주시,11,0,68,131,168,3,43,10,434,19000.0,84.88,1.0,0.0,0.0,0.0,0.0,1.0
4728000000,경상북도 문경시,11,0,45,93,74,4,31,11,269,19000.0,84.65,2.0,0.0,0.0,0.0,0.0,2.0
4729000000,경상북도 경산시,18,4,166,316,380,5,118,18,1025,0.0,0.0,0.0,625.0,49.25,25.485,4.0,4.0
4773000000,경상북도 의성군,8,0,19,46,24,1,11,4,113,0.0,0.0,0.0,0.0,0.0,0.0,0.0,0.0
4775000000,경상북도 청송군,5,0,3,25,7,1,4,2,47,7000.0,25.91,1.0,1833.3333333333333,43.66666666666666,32.99666666666666,3.0,4.0
4776000000,경상북도 영양군,6,0,2,22,8,1,6,2,47,0.0,0.0,0.0,0.0,0.0,0.0,0.0,0.0
4777000000,경상북도 영덕군,5,0,16,39,18,3,9,1,91,0.0,0.0,0.0,0.0,0.0,0.0,0.0,0.0
4782000000,경상북도 청도군,6,0,25,47,33,3,12,2,128,0.0,0.0,0.0,0.0,0.0,0.0,0.0,0.0
4783000000,경상북도 고령군,3,0,19,41,22,0,9,11,105,0.0,0.0,0.0,0.0,0.0,0.0,0.0,0.0
4784000000,경상북도 성주군,5,0,30,43,25,3,19,8,133,0.0,0.0,0.0,0.0,0.0,0.0,0.0,0.0
4785000000,경상북도 칠곡군,9,1,42,81,66,4,30,6,239,0.0,0.0,0.0,0.0,0.0,0.0,0.0,0.0
4790000000,경상북도 예천군,9,0,22,36,33,4,14,3,121,0.0,0.0,0.0,4000.0,25.0,24.56,1.0,1.0
4792000000,경상북도 봉화군,6,0,10,21,14,1,5,5,62,0.0,0.0,0.0,0.0,0.0,0.0,0.0,0.0
4793000000,경상북도 울진군,4,0,14,39,50,3,14,4,128,0.0,0.0,0.0,500.0,45.0,42.42,1.0,1.0
4794000000,경상북도 울릉군,4,0,1,21,2,2,7,6,43,0.0,0.0,0.0,0.0,0.0,0.0,0.0,0.0
4812000000,경상남도 창원시,33,0,226,473,514,13,146,32,1437,0.0,0.0,0.0,0.0,0.0,0.0,0.0,0.0
4812100000,경상남도 창원시 의창구,20,0,97,219,307,4,95,9,751,17800.0,44.03,1.0,611.1111111111111,68.88888888888889,30.89555555555556,9.0,10.0
4812300000,경상남도 창원시 성산구,16,0,69,123,292,9,66,0,575,0.0,0.0,0.0,880.0,47.2,29.396,10.0,10.0
4812500000,경상남도 창원시 마산합포구,19,0,109,239,201,5,88,25,686,9000.0,21.52,1.0,1266.6666666666667,29.0,31.692222222222224,9.0,10.0
4812700000,경상남도 창원시 마산회원구,26,0,157,330,384,11,123,22,1053,11750.0,50.93,4.0,1250.0,45.0,37.61833333333333,6.0,10.0
4812900000,경상남도 창원시 진해구,6,0,26,70,123,3,26,1,255,0.0,0.0,0.0,610.0,43.7,47.139,10.0,10.0
1171000000,서울특별시 송파구,36,13,594,797,1127,23,219,54,2863,30525.0,33.76166666666666,6.0,3750.0,137.25,45.5625,4.0,10.0
1174000000,서울특별시 강동구,34,11,554,600,582,20,229,33,2063,23236.666666666668,26.156666666666663,3.0,3812.857142857143,48.71428571428572,21.205714285714286,7.0,10.0
1162000000,서울특별시 관악구,39,7,395,593,632,12,269,25,1972,10800.0,18.896666666666665,3.0,1542.857142857143,68.42857142857143,19.78428571428572,7.0,10.0
1165000000,서울특별시 서초구,28,10,944,1078,1102,19,315,112,3608,24650.0,26.695,6.0,10400.0,49.75,25.2175,4.0,10.0
1159000000,서울특별시 동작구,39,16,383,588,948,20,261,22,2277,18600.0,28.14,2.0,7875.0,45.375,22.75125,8.0,10.0
1154500000,서울특별시 금천구,34,2,334,431,576,13,205,18,1613,22750.0,31.9325,4.0,6041.666666666667,40.66666666666666,22.83,6.0,10.0
1156000000,서울특별시 영등포구,28,14,475,869,969,21,286,54,2716,32762.0,51.03,5.0,18300.0,37.4,32.512,5.0,10.0
1150000000,서울특별시 강서구,55,6,524,744,983,23,294,25,2654,22735.5,28.816666666666663,6.0,6250.0,62.0,30.4725,4.0,10.0
1153000000,서울특별시 구로구,34,10,503,723,604,17,336,33,2260,40833.333333333336,61.20666666666667,3.0,4714.285714285715,59.85714285714285,32.160000000000004,7.0,10.0
1144000000,서울특별시 마포구,24,8,291,958,586,10,242,75,2194,0.0,0.0,0.0,4370.0,56.2,21.46,10.0,10.0
1147000000,서울특별시 양천구,42,6,454,547,1443,17,201,21,2731,52666.66666666666,69.57333333333334,3.0,8142.857142857143,142.14285714285714,62.87,7.0,10.0
1141000000,서울특별시 서대문구,29,3,219,479,485,8,180,53,1456,0.0,0.0,0.0,3345.0,86.7,29.957,10.0,10.0
1135000000,서울특별시 노원구,62,9,575,536,1480,23,222,24,2931,0.0,0.0,0.0,850.0,65.9,31.971,10.0,10.0
1138000000,서울특별시 은평구,30,11,494,518,809,14,226,12,2114,22000.0,44.7,1.0,3666.6666666666665,50.44444444444444,21.813333333333333,9.0,10.0
1130500000,서울특별시 강북구,38,7,364,544,442,9,262,31,1697,0.0,0.0,0.0,1500.0,73.5,22.901,10.0,10.0
1132000000,서울특별시 도봉구,43,8,376,414,747,16,197,18,1819,15740.0,23.964,5.0,3600.0,60.4,29.484,5.0,10.0
1126000000,서울특별시 중랑구,40,15,339,440,577,16,223,7,1657,24625.0,54.7875,4.0,2666.6666666666665,67.0,35.29333333333333,6.0,10.0
1129000000,서울특별시 성북구,61,16,422,1026,762,15,273,303,2878,40000.0,90.75,1.0,2444.4444444444443,75.77777777777777,26.95888888888889,9.0,10.0
1123000000,서울특별시 동대문구,45,20,508,812,634,12,312,39,2382,28250.0,37.85,4.0,15174.833333333334,44.5,34.571666666666665,6.0,10.0
1121500000,서울특별시 광진구,32,8,352,623,633,14,216,40,1918,14000.0,25.07,1.0,4000.0,66.66666666666667,21.988888888888887,9.0,10.0
1120000000,서울특별시 성동구,49,21,468,783,661,12,278,39,2311,24600.0,18.32,2.0,3331.25,79.375,27.7775,8.0,10.0
1117000000,서울특별시 용산구,17,10,119,548,141,4,115,124,1078,43000.0,39.06333333333333,3.0,4471.428571428572,102.71428571428572,24.287142857142857,7.0,10.0
1114000000,서울특별시 중구,34,32,602,1848,426,4,413,394,3753,35500.0,42.415,2.0,3550.0,84.0,28.79875,8.0,10.0
1168000000,서울특별시 강남구,20,14,1407,1318,1303,9,378,216,4665,24564.285714285717,31.884285714285717,7.0,1000.0,95.0,26.933333333333334,3.0,10.0
1111000000,서울특별시 종로구,41,20,533,2039,457,4,373,471,3938,20275.0,21.7175,4.0,2977.6666666666665,52.0,24.906666666666663,6.0,10.0
4824000000,경상남도 사천시,1,0,0,9,4,1,5,2,22,5800.0,24.07,1.0,2475.0,35.0,39.19,4.0,5.0
4817000000,경상남도 진주시,16,0,118,233,224,6,100,14,711,15500.0,54.785,2.0,1250.0,46.75,25.58375,8.0,10.0
4822000000,경상남도 통영시,8,0,77,170,116,3,55,13,442,8000.0,48.16,1.0,866.6666666666666,40.55555555555556,39.85777777777778,9.0,10.0
4874000000,경상남도 창녕군,8,0,25,51,45,2,15,9,155,0.0,0.0,0.0,300.0,50.0,60.02,2.0,2.0
4825000000,경상남도 김해시,21,5,84,266,113,7,93,14,603,12500.0,68.23,3.0,1500.0,33.42857142857143,36.35142857142857,7.0,10.0
4827000000,경상남도 밀양시,9,0,38,105,63,7,38,11,271,0.0,0.0,0.0,0.0,0.0,0.0,0.0,0.0
4831000000,경상남도 거제시,12,0,107,192,204,8,89,4,616,10000.0,84.07,1.0,333.3333333333333,41.77777777777778,52.117777777777775,9.0,10.0
4833000000,경상남도 양산시,20,2,88,153,212,7,67,11,560,8062.5,46.7075,4.0,2166.6666666666665,47.833333333333336,33.16166666666667,6.0,10.0
4872000000,경상남도 의령군,7,0,15,35,22,3,13,5,100,0.0,0.0,0.0,0.0,0.0,0.0,0.0,0.0
4873000000,경상남도 함안군,6,0,24,52,43,3,14,9,151,0.0,0.0,0.0,0.0,0.0,0.0,0.0,0.0
4882000000,경상남도 고성군,8,0,28,71,61,3,25,5,201,0.0,0.0,0.0,500.0,32.5,43.790000000000006,2.0,2.0
4884000000,경상남도 남해군,5,0,24,51,38,3,21,4,146,0.0,0.0,0.0,0.0,0.0,0.0,0.0,0.0
4885000000,경상남도 하동군,5,0,17,45,21,3,11,3,105,0.0,0.0,0.0,0.0,0.0,0.0,0.0,0.0
4886000000,경상남도 산청군,3,0,9,25,12,2,8,5,64,0.0,0.0,0.0,0.0,0.0,0.0,0.0,0.0
4887000000,경상남도 함양군,7,0,23,44,56,3,20,13,166,0.0,0.0,0.0,0.0,0.0,0.0,0.0,0.0
4888000000,경상남도 거창군,16,0,51,103,165,3,48,12,398,0.0,0.0,0.0,0.0,0.0,0.0,0.0,0.0
4889000000,경상남도 합천군,6,0,24,36,29,3,18,6,122,0.0,0.0,0.0,0.0,0.0,0.0,0.0,0.0
5011000000,제주특별자치도 제주시,25,0,229,561,584,2,206,41,1648,11500.0,45.675,2.0,350.0,47.625,35.16375,8.0,10.0
5013000000,제주특별자치도 서귀포시,9,0,94,217,168,4,100,20,612,14775.0,57.705,2.0,587.5,58.375,34.54625,8.0,10.0
4159100000,경기도 화성시 만세구,1,0,1,14,1,0,13,0,30,0.0,0.0,0.0,0.0,0.0,0.0,0.0,0.0
5280000000,전북특별자치도 부안군,10,0,42,60,57,1,27,11,208,0.0,0.0,0.0,0.0,0.0,0.0,0.0,0.0
5279000000,전북특별자치도 고창군,7,0,39,48,74,2,25,11,206,0.0,0.0,0.0,0.0,0.0,0.0,0.0,0.0
5277000000,전북특별자치도 순창군,8,0,25,37,19,2,11,2,104,0.0,0.0,0.0,0.0,0.0,0.0,0.0,0.0
5275000000,전북특별자치도 임실군,4,0,11,27,10,3,7,2,64,0.0,0.0,0.0,0.0,0.0,0.0,0.0,0.0
5274000000,전북특별자치도 장수군,3,0,6,22,13,2,6,6,58,0.0,0.0,0.0,0.0,0.0,0.0,0.0,0.0
5273000000,전북특별자치도 무주군,4,0,14,28,20,2,9,6,83,0.0,0.0,0.0,0.0,0.0,0.0,0.0,0.0
5272000000,전북특별자치도 진안군,6,0,16,26,13,2,11,4,78,0.0,0.0,0.0,0.0,0.0,0.0,0.0,0.0
5271000000,전북특별자치도 완주군,1,0,0,6,0,1,3,3,14,0.0,0.0,0.0,0.0,0.0,0.0,0.0,0.0
5221000000,전북특별자치도 김제시,13,0,67,87,81,3,40,6,297,0.0,0.0,0.0,0.0,0.0,0.0,0.0,0.0
5219000000,전북특별자치도 남원시,15,0,80,172,115,7,44,19,452,0.0,0.0,0.0,0.0,0.0,0.0,0.0,0.0
5218000000,전북특별자치도 정읍시,17,0,103,177,158,8,66,11,540,0.0,0.0,0.0,0.0,0.0,0.0,0.0,0.0
5214000000,전북특별자치도 익산시,32,0,182,342,378,7,103,22,1066,0.0,0.0,0.0,0.0,0.0,0.0,0.0,0.0
5213000000,전북특별자치도 군산시,15,0,106,223,284,4,73,4,709,0.0,0.0,0.0,0.0,0.0,0.0,0.0,0.0
5211300000,전북특별자치도 전주시 덕진구,36,0,282,639,561,6,161,58,1743,0.0,0.0,0.0,0.0,0.0,0.0,0.0,0.0
4119600000,경기도 부천시 오정구,22,1,132,161,186,4,117,11,634,22771.42857142857,59.41285714285714,7.0,0.0,0.0,0.0,0.0,7.0
5211000000,전북특별자치도 전주시,36,0,191,560,363,3,117,81,1351,0.0,0.0,0.0,0.0,0.0,0.0,0.0,0.0
5211100000,전북특별자치도 전주시 완산구,32,0,288,462,739,8,145,15,1689,0.0,0.0,0.0,0.0,0.0,0.0,0.0,0.0
4119400000,경기도 부천시 소사구,34,5,301,424,467,9,197,9,1446,20560.0,46.232,5.0,1140.0,64.2,37.316,5.0,10.0
4119200000,경기도 부천시 원미구,30,7,369,581,548,12,244,18,1809,13250.0,43.55,2.0,1687.5,45.875,30.265,8.0,10.0
5183000000,강원특별자치도 양양군,4,0,14,36,23,3,20,3,103,0.0,0.0,0.0,0.0,0.0,0.0,0.0,0.0
2772000000,대구광역시 군위군,3,0,12,23,11,1,6,2,58,0.0,0.0,0.0,3000.0,60.0,68.62,1.0,1.0
5182000000,강원특별자치도 고성군,3,0,9,13,8,2,7,2,44,0.0,0.0,0.0,0.0,0.0,0.0,0.0,0.0
5181000000,강원특별자치도 인제군,4,0,8,18,16,1,16,8,71,0.0,0.0,0.0,0.0,0.0,0.0,0.0,0.0
5179000000,강원특별자치도 화천군,4,0,10,32,18,1,12,6,83,0.0,0.0,0.0,0.0,0.0,0.0,0.0,0.0
5180000000,강원특별자치도 양구군,7,0,9,35,23,1,17,15,107,0.0,0.0,0.0,0.0,0.0,0.0,0.0,0.0
5178000000,강원특별자치도 철원군,3,0,7,26,18,2,9,5,70,0.0,0.0,0.0,0.0,0.0,0.0,0.0,0.0
5177000000,강원특별자치도 정선군,5,0,11,33,11,3,14,5,82,0.0,0.0,0.0,0.0,0.0,0.0,0.0,0.0
5176000000,강원특별자치도 평창군,3,0,7,24,12,2,8,2,58,0.0,0.0,0.0,0.0,0.0,0.0,0.0,0.0
5175000000,강원특별자치도 영월군,9,0,16,69,36,3,32,6,171,0.0,0.0,0.0,0.0,0.0,0.0,0.0,0.0
5173000000,강원특별자치도 횡성군,6,0,25,72,37,3,21,4,168,0.0,0.0,0.0,0.0,0.0,0.0,0.0,0.0
5172000000,강원특별자치도 홍천군,7,0,43,106,55,5,37,4,257,0.0,0.0,0.0,0.0,0.0,0.0,0.0,0.0
5121000000,강원특별자치도 속초시,8,0,88,211,67,5,95,11,485,0.0,0.0,0.0,0.0,0.0,0.0,0.0,0.0
5123000000,강원특별자치도 삼척시,11,0,32,112,54,9,53,12,283,0.0,0.0,0.0,0.0,0.0,0.0,0.0,0.0
5119000000,강원특별자치도 태백시,10,0,33,59,48,4,33,4,191,0.0,0.0,0.0,0.0,0.0,0.0,0.0,0.0
5117000000,강원특별자치도 동해시,8,0,52,111,96,5,51,6,329,0.0,0.0,0.0,0.0,0.0,0.0,0.0,0.0
5115000000,강원특별자치도 강릉시,12,0,134,345,310,3,106,21,931,0.0,0.0,0.0,0.0,0.0,0.0,0.0,0.0
5113000000,강원특별자치도 원주시,16,0,115,232,292,6,85,3,749,0.0,0.0,0.0,0.0,0.0,0.0,0.0,0.0
5111000000,강원특별자치도 춘천시,25,2,150,378,231,4,153,22,965,0.0,0.0,0.0,0.0,0.0,0.0,0.0,0.0
